Play-off,,,,,,,,,,,,,,
Top-8 play-off,,,,,,,,,,,,,,
Раунд 1,,Раунд 2,,,,,,,,,,,,
Бой 1: откуда,,Бой 1: откуда,,,,,,,,,,,,
1,,Р1-Б1-М1,,,,,,,,,,,,
4,,Р1-Б1-М2,,,,,,,,,,,,
5,,Р1-Б2-М1,,,,,,,,,,,,
8,,Р1-Б2-М2,,,,,,,,,,,,
,,,,,,,,,,,,,,
Бой 2: откуда,,,,,,,,,,,,,,
2,,,,,,,,,,,,,,
3,,,,,,,,,,,,,,
6,,,,,,,,,,,,,,
7,,,,,,,,,,,,,,
,,,,,,,,,,,,,,
,,,,,,,,,,,,,,
Top-16 play-off,,,,,,,,,,,,,,
Раунд 1,,Раунд 2,,Раунд 3,,,,,,,,,,
Бой 1: откуда,,Бой 1: откуда,,Бой 1: откуда,,,,,,,,,,
1,,Р1-Б1-М1,,Р2-Б1-М1,,,,,,,,,,
8,,Р1-Б2-М2,,Р2-Б1-М2,,,,,,,,,,
9,,Р1-Б3-М2,,Р2-Б2-М1,,,,,,,,,,
16,,Р1-Б4-М1,,Р2-Б2-М2,,,,,,,,,,
,,,,,,,,,,,,,,
Бой 2: откуда,,Бой 2: откуда,,,,,,,,,,,,
2,,Р1-Б1-М2,,,,,,,,,,,,
7,,Р1-Б2-М1,,,,,,,,,,,,
10,,Р1-Б3-М1,,,,,,,,,,,,
15,,Р1-Б4-М2,,,,,,,,,,,,
,,,,,,,,,,,,,,
Бой 3: откуда,,,,,,,,,,,,,,
3,,,,,,,,,,,,,,
6,,,,,,,,,,,,,,
11,,,,,,,,,,,,,,
14,,,,,,,,,,,,,,
,,,,,,,,,,,,,,
Бой 4: откуда,,,,,,,,,,,,,,
4,,,,,,,,,,,,,,
5,,,,,,,,,,,,,,
12,,,,,,,,,,,,,,
13,,,,,,,,,,,,,,
,,,,,,,,,,,,,,
,,,,,,,,,,,,,,
Top-32 play-off,,,,,,,,,,,,,,
Раунд 1,,Раунд 2,,Раунд 3,,Раунд 4,,,,,,,,
Бой 1: откуда,,Бой 1: откуда,,Бой 1: откуда,,Бой 1: откуда,,,,,,,,
1,,Р1-Б1-М1,,Р2-Б1-М1,,Р3-Б1-М1,,,,,,,,
16,,Р1-Б8-М1,,Р2-Б2-М2,,Р3-Б1-М2,,,,,,,,
17,,Р1-Б4-М2,,Р2-Б3-М2,,Р3-Б2-М1,,,,,,,,
32,,Р1-Б5-М2,,Р2-Б4-М1,,Р3-Б2-М2,,,,,,,,
,,,,,,,,,,,,,,
Бой 2: откуда,,Бой 2: откуда,,Бой 2: откуда,,,,,,,,,,
2,,Р1-Б2-М1,,Р2-Б1-М2,,,,,,,,,,
15,,Р1-Б7-М1,,Р2-Б2-М1,,,,,,,,,,
18,,Р1-Б3-М2,,Р2-Б3-М1,,,,,,,,,,
31,,Р1-Б6-М2,,Р2-Б4-М2,,,,,,,,,,
,,,,,,,,,,,,,,
Бой 3: откуда,,Бой 3: откуда,,,,,,,,,,,,
3,,Р1-Б3-М1,,,,,,,,,,,,
14,,Р1-Б6-М1,,,,,,,,,,,,
19,,Р1-Б2-М2,,,,,,,,,,,,
30,,Р1-Б7-М2,,,,,,,,,,,,
,,,,,,,,,,,,,,
Бой 4: откуда,,Бой 4: откуда,,,,,,,,,,,,
4,,Р1-Б4-М1,,,,,,,,,,,,
13,,Р1-Б5-М1,,,,,,,,,,,,
20,,Р1-Б1-М2,,,,,,,,,,,,
29,,Р1-Б8-М2,,,,,,,,,,,,
,,,,,,,,,,,,,,
Бой 5: откуда,,,,,,,,,,,,,,
5,,,,,,,,,,,,,,
12,,,,,,,,,,,,,,
21,,,,,,,,,,,,,,
28,,,,,,,,,,,,,,
,,,,,,,,,,,,,,
Бой 6: откуда,,,,,,,,,,,,,,
6,,,,,,,,,,,,,,
11,,,,,,,,,,,,,,
22,,,,,,,,,,,,,,
27,,,,,,,,,,,,,,
,,,,,,,,,,,,,,
Бой 7: откуда,,,,,,,,,,,,,,
7,,,,,,,,,,,,,,
10,,,,,,,,,,,,,,
23,,,,,,,,,,,,,,
26,,,,,,,,,,,,,,
,,,,,,,,,,,,,,
Бой 8: откуда,,,,,,,,,,,,,,
8,,,,,,,,,,,,,,
9,,,,,,,,,,,,,,
24,,,,,,,,,,,,,,
25,,,,,,,,,,,,,,
,,,,,,,,,,,,,,
,,,,,,,,,,,,,,
Top-64 play-off,,,,,,,,,,,,,,
Раунд 1,,Раунд 2,,Раунд 3,,Раунд 4,,Раунд 5,,,,,,
Бой 1: откуда,,Бой 1: откуда,,Бой 1: откуда,,Бой 1: откуда,,Бой 1: откуда,,,,,,
1,,Р1-Б1-М1,,Р2-Б1-М1,,Р3-Б1-М1,,Р4-Б1-М1,,,,,,
64,,Р1-Б16-М1,,Р2-Б8-М1,,Р3-Б4-М1,,Р4-Б1-М2,,,,,,
33,,Р1-Б9-М2,,Р2-Б5-М2,,Р3-Б3-М2,,Р4-Б2-М1,,,,,,
32,,Р1-Б8-М2,,Р2-Б4-М2,,Р3-Б2-М2,,Р4-Б2-М2,,,,,,
,,,,,,,,,,,,,,
Бой 2: откуда,,Бой 2: откуда,,Бой 2: откуда,,Бой 2: откуда,,,,,,,,
2,,Р1-Б2-М1,,Р2-Б2-М1,,Р3-Б1-М2,,,,,,,,
63,,Р1-Б15-М1,,Р2-Б7-М1,,Р3-Б4-М2,,,,,,,,
34,,Р1-Б10-М2,,Р2-Б6-М2,,Р3-Б3-М1,,,,,,,,
31,,Р1-Б7-М2,,Р2-Б3-М2,,Р3-Б2-М1,,,,,,,,
,,,,,,,,,,,,,,
Бой 3: откуда,,Бой 3: откуда,,Бой 3: откуда,,,,,,,,,,
3,,Р1-Б3-М1,,Р2-Б1-М2,,,,,,,,,,
62,,Р1-Б14-М1,,Р2-Б8-М2,,,,,,,,,,
35,,Р1-Б11-М2,,Р2-Б5-М1,,,,,,,,,,
30,,Р1-Б6-М2,,Р2-Б4-М1,,,,,,,,,,
,,,,,,,,,,,,,,
Бой 4: откуда,,Бой 4: откуда,,Бой 4: откуда,,,,,,,,,,
4,,Р1-Б4-М1,,Р2-Б2-М2,,,,,,,,,,
61,,Р1-Б13-М1,,Р2-Б7-М2,,,,,,,,,,
36,,Р1-Б12-М2,,Р2-Б6-М1,,,,,,,,,,
29,,Р1-Б5-М2,,Р2-Б3-М1,,,,,,,,,,
,,,,,,,,,,,,,,
Бой 5: откуда,,Бой 5: откуда,,,,,,,,,,,,
5,,Р1-Б1-М2,,,,,,,,,,,,
60,,Р1-Б16-М2,,,,,,,,,,,,
37,,Р1-Б9-М1,,,,,,,,,,,,
28,,Р1-Б8-М1,,,,,,,,,,,,
,,,,,,,,,,,,,,
Бой 6: откуда,,Бой 6: откуда,,,,,,,,,,,,
6,,Р1-Б2-М2,,,,,,,,,,,,
59,,Р1-Б15-М2,,,,,,,,,,,,
38,,Р1-Б10-М1,,,,,,,,,,,,
27,,Р1-Б7-М1,,,,,,,,,,,,
,,,,,,,,,,,,,,
Бой 7: откуда,,Бой 7: откуда,,,,,,,,,,,,
7,,Р1-Б3-М2,,,,,,,,,,,,
58,,Р1-Б14-М2,,,,,,,,,,,,
39,,Р1-Б11-М1,,,,,,,,,,,,
26,,Р1-Б6-М1,,,,,,,,,,,,
,,,,,,,,,,,,,,
Бой 8: откуда,,Бой 8: откуда,,,,,,,,,,,,
8,,Р1-Б4-М2,,,,,,,,,,,,
57,,Р1-Б13-М2,,,,,,,,,,,,
40,,Р1-Б12-М1,,,,,,,,,,,,
25,,Р1-Б5-М1,,,,,,,,,,,,
,,,,,,,,,,,,,,
Бой 9: откуда,,,,,,,,,,,,,,
9,,,,,,,,,,,,,,
56,,,,,,,,,,,,,,
41,,,,,,,,,,,,,,
24,,,,,,,,,,,,,,
,,,,,,,,,,,,,,
Бой 10: откуда,,,,,,,,,,,,,,
10,,,,,,,,,,,,,,
55,,,,,,,,,,,,,,
42,,,,,,,,,,,,,,
23,,,,,,,,,,,,,,
,,,,,,,,,,,,,,
Бой 11: откуда,,,,,,,,,,,,,,
11,,,,,,,,,,,,,,
54,,,,,,,,,,,,,,
43,,,,,,,,,,,,,,
22,,,,,,,,,,,,,,
,,,,,,,,,,,,,,
Бой 12: откуда,,,,,,,,,,,,,,
12,,,,,,,,,,,,,,
53,,,,,,,,,,,,,,
44,,,,,,,,,,,,,,
21,,,,,,,,,,,,,,
,,,,,,,,,,,,,,
Бой 13: откуда,,,,,,,,,,,,,,
13,,,,,,,,,,,,,,
52,,,,,,,,,,,,,,
45,,,,,,,,,,,,,,
20,,,,,,,,,,,,,,
,,,,,,,,,,,,,,
Бой 14: откуда,,,,,,,,,,,,,,
14,,,,,,,,,,,,,,
51,,,,,,,,,,,,,,
46,,,,,,,,,,,,,,
19,,,,,,,,,,,,,,
,,,,,,,,,,,,,,
Бой 15: откуда,,,,,,,,,,,,,,
15,,,,,,,,,,,,,,
50,,,,,,,,,,,,,,
47,,,,,,,,,,,,,,
18,,,,,,,,,,,,,,
,,,,,,,,,,,,,,
Бой 16: откуда,,,,,,,,,,,,,,
16,,,,,,,,,,,,,,
49,,,,,,,,,,,,,,
48,,,,,,,,,,,,,,
17,,,,,,,,,,,,,,
,,,,,,,,,,,,,,
,,,,,,,,,,,,,,
Double Elimination,,,,,,,,,,,,,,
Top-8 DE,,,,,,,,,,,,,,
Раунд 1,,Раунд 2,,Раунд 3,,Раунд 4,,,,,,,,
Бой 1: откуда,,Бой 1: откуда,,Бой 1: откуда,,Бой 1: откуда,,,,,,,,
1,,Р1-Б1-М1,,Р2-Б1-М3,,Р2-Б1-М1,,,,,,,,
4,,Р1-Б1-М2,,Р2-Б1-М4,,Р2-Б1-М2,,,,,,,,
5,,Р1-Б2-М1,,Р2-Б2-М1,,Р3-Б1-М1,,,,,,,,
8,,Р1-Б2-М2,,Р2-Б2-М2,,Р3-Б1-М2,,,,,,,,
,,,,,,,,,,,,,,
Бой 2: откуда,,Бой 2: откуда,,,,,,,,,,,,
2,,Р1-Б1-М3,,,,,,,,,,,,
3,,Р1-Б1-М4,,,,,,,,,,,,
6,,Р1-Б2-М3,,,,,,,,,,,,
7,,Р1-Б2-М4,,,,,,,,,,,,
,,,,,,,,,,,,,,
,,,,,,,,,,,,,,
Top-16 DE,,,,,,,,,,,,,,
Раунд 1,,Раунд 2,,Раунд 3,,Раунд 4,,Раунд 5,,Раунд 6,,,,
Бой 1: откуда,,Бой 1: откуда,,Бой 1: откуда,,Бой 1: откуда,,Бой 1: откуда,,Бой 1: откуда,,,,
1,,Р1-Б1-М1,,Р2-Б1-М3,,Р2-Б1-М1,,Р4-Б1-М3,,Р4-Б1-М1,,,,
8,,Р1-Б2-М2,,Р2-Б2-М4,,Р2-Б1-М2,,Р4-Б1-М4,,Р4-Б1-М2,,,,
9,,Р1-Б3-М1,,Р2-Б3-М1,,Р2-Б2-М1,,Р4-Б2-М1,,Р5-Б1-М1,,,,
16,,Р1-Б4-М2,,Р2-Б4-М2,,Р2-Б2-М2,,Р4-Б2-М2,,Р5-Б1-М2,,,,
,,,,,,,,,,,,,,
Бой 2: откуда,,Бой 2: откуда,,Бой 2: откуда,,Бой 2: откуда,,,,,,,,
2,,Р1-Б1-М2,,Р2-Б1-М4,,Р3-Б1-М1,,,,,,,,
7,,Р1-Б2-М1,,Р2-Б2-М3,,Р3-Б1-М2,,,,,,,,
10,,Р1-Б3-М2,,Р2-Б3-М2,,Р3-Б2-М1,,,,,,,,
15,,Р1-Б4-М1,,Р2-Б4-М1,,Р3-Б2-М2,,,,,,,,
,,,,,,,,,,,,,,
Бой 3: откуда,,Бой 3: откуда,,,,,,,,,,,,
3,,Р1-Б1-М3,,,,,,,,,,,,
6,,Р1-Б2-М4,,,,,,,,,,,,
11,,Р1-Б3-М3,,,,,,,,,,,,
14,,Р1-Б4-М4,,,,,,,,,,,,
,,,,,,,,,,,,,,
Бой 4: откуда,,Бой 4: откуда,,,,,,,,,,,,
4,,Р1-Б1-М4,,,,,,,,,,,,
5,,Р1-Б2-М3,,,,,,,,,,,,
12,,Р1-Б3-М4,,,,,,,,,,,,
13,,Р1-Б4-М3,,,,,,,,,,,,
,,,,,,,,,,,,,,
,,,,,,,,,,,,,,
Top-32 DE,,,,,,,,,,,,,,
Раунд 1,,Раунд 2,,Раунд 3,,Раунд 4,,Раунд 5,,Раунд 6,,Раунд 7,,Раунд 8
Бой 1: откуда,,Бой 1: откуда,,Бой 1: откуда,,Бой 1: откуда,,Бой 1: откуда,,Бой 1: откуда,,Бой 1: откуда,,Бой 1: откуда
1,,Р1-Б1-М1,,Р2-Б1-М3,,Р2-Б1-М1,,Р4-Б1-М3,,Р4-Б1-М1,,Р6-Б1-М3,,Р6-Б1-М1
16,,Р1-Б2-М2,,Р2-Б2-М4,,Р2-Б2-М2,,Р4-Б2-М4,,Р4-Б1-М2,,Р6-Б1-М4,,Р6-Б1-М2
17,,Р1-Б3-М1,,Р2-Б5-М1,,Р2-Б3-М1,,Р4-Б3-М1,,Р4-Б2-М1,,Р6-Б2-М1,,Р7-Б1-М1
32,,Р1-Б4-М2,,Р2-Б6-М2,,Р2-Б4-М2,,Р4-Б4-М2,,Р4-Б2-М2,,Р6-Б2-М2,,Р7-Б1-М2
,,,,,,,,,,,,,,
Бой 2: откуда,,Бой 2: откуда,,Бой 2: откуда,,Бой 2: откуда,,Бой 2: откуда,,Бой 2: откуда,,,,
2,,Р1-Б5-М1,,Р2-Б3-М3,,Р2-Б1-М2,,Р4-Б1-М4,,Р5-Б1-М1,,,,
15,,Р1-Б6-М2,,Р2-Б4-М4,,Р2-Б2-М1,,Р4-Б2-М3,,Р5-Б1-М2,,,,
18,,Р1-Б7-М1,,Р2-Б7-М1,,Р2-Б3-М2,,Р4-Б3-М2,,Р5-Б2-М1,,,,
31,,Р1-Б8-М2,,Р2-Б8-М2,,Р2-Б4-М1,,Р4-Б4-М1,,Р5-Б2-М2,,,,
,,,,,,,,,,,,,,
Бой 3: откуда,,Бой 3: откуда,,Бой 3: откуда,,Бой 3: откуда,,,,,,,,
3,,Р1-Б1-М2,,Р2-Б1-М4,,Р3-Б3-М1,,,,,,,,
14,,Р1-Б2-М1,,Р2-Б2-М3,,Р3-Б4-М2,,,,,,,,
19,,Р1-Б3-М2,,Р2-Б5-М2,,Р3-Б5-М1,,,,,,,,
30,,Р1-Б4-М1,,Р2-Б6-М1,,Р3-Б6-М2,,,,,,,,
,,,,,,,,,,,,,,
Бой 4: откуда,,Бой 4: откуда,,Бой 4: откуда,,Бой 4: откуда,,,,,,,,
4,,Р1-Б5-М2,,Р2-Б3-М4,,Р3-Б3-М2,,,,,,,,
13,,Р1-Б6-М1,,Р2-Б4-М3,,Р3-Б4-М1,,,,,,,,
20,,Р1-Б7-М2,,Р2-Б7-М2,,Р3-Б5-М2,,,,,,,,
29,,Р1-Б8-М1,,Р2-Б8-М1,,Р3-Б6-М1,,,,,,,,
,,,,,,,,,,,,,,
Бой 5: откуда,,Бой 5: откуда,,,,,,,,,,,,
5,,Р1-Б1-М3,,,,,,,,,,,,
12,,Р1-Б2-М4,,,,,,,,,,,,
21,,Р1-Б3-М3,,,,,,,,,,,,
28,,Р1-Б4-М4,,,,,,,,,,,,
,,,,,,,,,,,,,,
Бой 6: откуда,,Бой 6: откуда,,,,,,,,,,,,
6,,Р1-Б5-М3,,,,,,,,,,,,
11,,Р1-Б6-М4,,,,,,,,,,,,
22,,Р1-Б7-М3,,,,,,,,,,,,
27,,Р1-Б8-М4,,,,,,,,,,,,
,,,,,,,,,,,,,,
Бой 7: откуда,,Бой 7: откуда,,,,,,,,,,,,
7,,Р1-Б1-М4,,,,,,,,,,,,
10,,Р1-Б2-М3,,,,,,,,,,,,
23,,Р1-Б3-М4,,,,,,,,,,,,
26,,Р1-Б4-М3,,,,,,,,,,,,
,,,,,,,,,,,,,,
Бой 8: откуда,,Бой 8: откуда,,,,,,,,,,,,
8,,Р1-Б5-М4,,,,,,,,,,,,
9,,Р1-Б6-М3,,,,,,,,,,,,
24,,Р1-Б7-М4,,,,,,,,,,,,
25,,Р1-Б8-М3,,,,,,,,,,,,